{
  "grpo": {
    "10": {
      "cka": 0.9999867081642151,
      "cosine": {
        "mean": 0.9999685287475586,
        "std": 1.529744804429356e-05,
        "median": 0.9999715685844421,
        "p5": 0.9999411106109619,
        "p25": 0.9999618530273438,
        "p75": 0.9999784827232361,
        "p95": 0.9999854564666748,
        "min": 0.9991108179092407,
        "frac_below_0.95": 0.0,
        "frac_below_0.90": 0.0,
        "frac_below_0.80": 0.0
      },
      "n_tokens": 105284,
      "base_act_norm_mean": 154.0805206298828,
      "ft_act_norm_mean": 154.1111297607422,
      "norm_ratio_mean": 1.000158429145813,
      "norm_ratio_std": 0.0015113019617274404
    },
    "20": {
      "cka": 0.9999861121177673,
      "cosine": {
        "mean": 0.9999166131019592,
        "std": 0.00017414038302376866,
        "median": 0.9999317526817322,
        "p5": 0.9998477101325989,
        "p25": 0.9999086260795593,
        "p75": 0.9999474883079529,
        "p95": 0.9999623894691467,
        "min": 0.9726412296295166,
        "frac_below_0.95": 0.0,
        "frac_below_0.90": 0.0,
        "frac_below_0.80": 0.0
      },
      "n_tokens": 105284,
      "base_act_norm_mean": 218.39662170410156,
      "ft_act_norm_mean": 218.42958068847656,
      "norm_ratio_mean": 1.0002139806747437,
      "norm_ratio_std": 0.002182826166972518
    },
    "30": {
      "cka": 0.9999644160270691,
      "cosine": {
        "mean": 0.9998431205749512,
        "std": 0.001818498014472425,
        "median": 0.999931812286377,
        "p5": 0.9997026920318604,
        "p25": 0.9998820424079895,
        "p75": 0.9999542832374573,
        "p95": 0.9999706745147705,
        "min": 0.7303267121315002,
        "frac_below_0.95": 0.0001994605117943138,
        "frac_below_0.90": 6.648683483945206e-05,
        "frac_below_0.80": 1.8996239305124618e-05
      },
      "n_tokens": 105284,
      "base_act_norm_mean": 574.76513671875,
      "ft_act_norm_mean": 574.756591796875,
      "norm_ratio_mean": 0.9999758005142212,
      "norm_ratio_std": 0.0022248337045311928
    },
    "38": {
      "cka": 0.9999268054962158,
      "cosine": {
        "mean": 0.9998289346694946,
        "std": 0.0016423676861450076,
        "median": 0.9999505281448364,
        "p5": 0.9994792938232422,
        "p25": 0.9998791813850403,
        "p75": 0.9999721050262451,
        "p95": 0.9999818801879883,
        "min": 0.7303711175918579,
        "frac_below_0.95": 0.00017096614465117455,
        "frac_below_0.90": 2.8494358048192225e-05,
        "frac_below_0.80": 2.8494358048192225e-05
      },
      "n_tokens": 105284,
      "base_act_norm_mean": 1875.0616455078125,
      "ft_act_norm_mean": 1874.917724609375,
      "norm_ratio_mean": 0.9999220371246338,
      "norm_ratio_std": 0.0032800137996673584
    }
  },
  "sdpo": {
    "10": {
      "cka": 0.999948263168335,
      "cosine": {
        "mean": 0.9999194145202637,
        "std": 3.7487439840333536e-05,
        "median": 0.9999268054962158,
        "p5": 0.9998571872711182,
        "p25": 0.9999064207077026,
        "p75": 0.999941885471344,
        "p95": 0.9999577403068542,
        "min": 0.9984378218650818,
        "frac_below_0.95": 0.0,
        "frac_below_0.90": 0.0,
        "frac_below_0.80": 0.0
      },
      "n_tokens": 105284,
      "base_act_norm_mean": 154.0805206298828,
      "ft_act_norm_mean": 154.0405731201172,
      "norm_ratio_mean": 0.9996264576911926,
      "norm_ratio_std": 0.0021042348816990852
    },
    "20": {
      "cka": 0.9999787211418152,
      "cosine": {
        "mean": 0.9998171329498291,
        "std": 0.0003888830542564392,
        "median": 0.9998590350151062,
        "p5": 0.9996330142021179,
        "p25": 0.9997989535331726,
        "p75": 0.9998982548713684,
        "p95": 0.9999321699142456,
        "min": 0.9553037881851196,
        "frac_below_0.95": 0.0,
        "frac_below_0.90": 0.0,
        "frac_below_0.80": 0.0
      },
      "n_tokens": 105284,
      "base_act_norm_mean": 218.39662170410156,
      "ft_act_norm_mean": 218.27127075195312,
      "norm_ratio_mean": 0.9992082715034485,
      "norm_ratio_std": 0.0029905708506703377
    },
    "30": {
      "cka": 0.9999655485153198,
      "cosine": {
        "mean": 0.999626874923706,
        "std": 0.002830588724464178,
        "median": 0.9998469352722168,
        "p5": 0.9991873502731323,
        "p25": 0.9996998906135559,
        "p75": 0.9999083280563354,
        "p95": 0.9999454021453857,
        "min": 0.6584956049919128,
        "frac_below_0.95": 0.00038942290120758116,
        "frac_below_0.90": 0.00016146802227012813,
        "frac_below_0.80": 5.698871609638445e-05
      },
      "n_tokens": 105284,
      "base_act_norm_mean": 574.76513671875,
      "ft_act_norm_mean": 575.4150390625,
      "norm_ratio_mean": 1.00150728225708,
      "norm_ratio_std": 0.004067463334649801
    },
    "38": {
      "cka": 0.9996141195297241,
      "cosine": {
        "mean": 0.9995494484901428,
        "std": 0.002409005304798484,
        "median": 0.9998751878738403,
        "p5": 0.9984089136123657,
        "p25": 0.9996419548988342,
        "p75": 0.9999335408210754,
        "p95": 0.9999610185623169,
        "min": 0.6933231353759766,
        "frac_below_0.95": 0.00037992477882653475,
        "frac_below_0.90": 0.00010447930981172249,
        "frac_below_0.80": 1.8996239305124618e-05
      },
      "n_tokens": 105284,
      "base_act_norm_mean": 1875.0616455078125,
      "ft_act_norm_mean": 1885.531005859375,
      "norm_ratio_mean": 1.0063315629959106,
      "norm_ratio_std": 0.008897828869521618
    }
  },
  "config": {
    "layers": [
      10,
      20,
      30,
      38
    ],
    "n_texts": 600,
    "max_seq_len": 256
  }
}